Date,Item,Satuan,Total,Price
2024-11-17,Tampir tanggunh,bh,2,32000
2024-10-29,Ayam Katsu,kg,13,21400
2024-11-03,Alpukat,kg,1,10000
2024-11-13,Mie Jagung,bks,1,20000
2024-11-13,Telur Ayam,kg,1,25000
2024-11-13,Jambu,kg,2,12000
2024-11-13,Melon,kg,2,15000
2024-11-17,Ayam Paha,kg,5,33000
2024-11-17,Bawang Merah,kg,1,10000
2024-11-21,Kopi Banaran 250 gr,pcs,72,28526
2024-11-21,Beras C4,kg,500,13000
2024-11-21,Beras PW,kg,200,16000
2024-11-21,Kentang Cringkel,pack,4,75000
2024-11-21,Kentang Shoestring,pack,12,70000
2024-11-24,Parfum Laundry 5 L,jrigen,1,50000
2024-11-24,Liquid Detergent 5L,jrigen,1,75000
2024-11-27,Buntut Sapi,kg,5,50000
2024-11-27,Gula Jawa,kg,1,10000
2024-11-28,AMDK 19L - Galon Banaran,galon,20,20000
2024-11-29,AMDK 19L - Galon Aqua,galon,14,18000
2024-11-29,Gula Sachet,pcs,8500,450
2024-11-29,Kopi Banaran Bean Robusta 250 gr,pcs,108,28526
2024-11-29,Kopi Banaran Curai 500 gr,pack,40,59970
2024-11-29,Teh Tabur Kaligua,pcs,168,4955
2024-11-29,Tissue Roll,pcs,100,1634
2024-11-29,Tissue Hand Paper Livi,pcs,120,7605
2024-11-29,Tissue Facial Refil 650 gr,pcs,24,16254
2024-11-29,Minyak Goreng 2L,pcs,60,38000
2024-11-29,Gula Pasir Curah,kg,100,17000
2024-11-29,Es Batu Kristal,bks,8,8000
2024-11-30,Es Batu Kristal,bks,4,8000
2024-12-01,AMDK 19L - Galon Aqua,galon,17,18000
2024-12-01,Indomie Goreng,pcs,3,120000
2024-12-01,Indomie Kuah,pcs,2,116000
2024-12-01,AMDK 220ml - Gelas,karton,20,19369
2024-12-01,Telur Ayam,kg,50,25000
2024-12-02,Amenities Dental Kit,pcs,1000,1675
2024-12-02,Amenities Shampoo,pcs,500,1200
2024-12-02,Amenities Soap,pcs,500,1300
2024-12-02,Plastik Sampah HK,pack,10,24500
2024-12-02,Tahu Goreng,pcs,200,850
2024-12-03,Susu Gold Omela,can,96,10000
2024-12-03,Kardus Snack Banaran,pcs,2000,1700
2024-12-04,Amenities Ballpoint,pcs,1000,1500
2024-12-05,Kopi Banaran 100 gr,pcs,144,12195
2024-12-05,Kopi Banaran 250 gr,pcs,108,28526
2024-12-05,Teh Celup Kaligua,pcs,180,4360
2024-12-05,Kopi Banaran Sangrai 500 gr,pack,40,81987
2024-12-06,Adonan Bakso,kg,9,17000
2024-12-09,AMDK Banaran 600 ml,btl,240,2250
2024-12-09,Minyak Goreng 2L,pcs,20,38000
2024-12-09,Gula Pasir Curah,kg,200,17000
2024-12-09,Beras C4,kg,250,13000
2024-12-09,Beras PW,kg,100,16000
2024-12-09,Saus Sambal ABC 135 ML,pcs,144,6500
2024-12-09,Tissue Hand Paper Livi,pcs,192,7605
2024-12-09,Tissue Pop Up Livi,pcs,144,3604
2024-12-09,Tissue Facial Refil 650 gr,pcs,24,16254
2024-12-10,Kopi Banaran 250 gr,pcs,72,28526
2024-12-10,Kopi Banaran Clasic 200 gr,pcs,140,55585
2024-12-10,Kopi Banaran Premium 120 gr,pcs,72,25423
2024-12-10,Kopi Banaran Curai 500 gr,pack,40,59970
2024-12-10,Teh Tabur Kaligua,pcs,168,4955
2024-12-10,Kopi Banaran Bean Robusta 500 gr,pcs,20,70000
2024-12-10,Kopi Banaran Bean Blend B 500 gr,pcs,20,110000
2024-12-10,AMDK 19L - Galon Aqua,galon,13,18000
2024-12-10,Indomie Goreng,pcs,80,3000
2024-12-10,Indomie Kuah,pcs,40,2900
2024-12-11,Minyak Goreng 2L,pcs,100,38000
2024-12-12,AMDK 220ml - Gelas,karton,20,19369
2024-12-12,Abon,kg,5,13000
2024-12-12,Adonan Bakso,kg,7,10000
2024-12-12,Max Creamer,pcs,24,35419
2024-12-16,Adonan Bakso,kg,30,32000
2024-12-21,Es batu,bks,12,8000
2024-12-22,Sawi Putih,kg,17,8000
2024-12-22,Cabe keriting Merah,kg,1,54000
2024-12-22,Tomat,kg,2,17000
2024-12-22,Es Batu Kristal,bks,2,8000
2024-12-23,Tahu Putih,bks,13,10000
2024-12-23,Kerupuk Terung,ball,2,50000
2024-12-23,Cabe Keriting Hijau,kg,1,35000
2024-12-23,Daun Sho,ikat,30,4000
2024-12-23,Tempe,bks,17,5000
2024-12-23,Kelapa Parut,bks,8,9000
2024-12-23,Jinten Bubuk,pcs,12,7500
2024-12-23,Es Batu Kristal,bks,2,8000
2024-12-24,Lele,kg,19,25500
2024-12-24,Timun Lalap,kg,6,13000
2024-12-24,Kol,kg,6,8000
2024-12-24,Cabe keriting Merah,kg,1,55000
2024-12-24,Tomat,kg,1,15000
2024-12-24,Es Batu Kristal,bks,1,8000
2024-12-24,Bawang Merah,kg,2,40000
2024-12-24,Es batu,bks,6,8000
2024-12-25,Kerupuk Terung,ball,2,50000
2024-12-25,Cabe keriting Merah,kg,1,75000
2024-12-25,Tahu Putih,bks,13,10000
2024-12-25,Kelapa Parut,bks,8,9000
2024-12-25,Es Batu Kristal,bks,1,8000
2024-12-25,Daun Salam,ikat,1,3000
2024-12-25,Pastel,pcs,35,2500
2024-12-26,Pindang,ekor,210,2200
2024-12-26,Kangkung,ikat,30,7500
2024-12-26,Bawang Merah,kg,2,40000
2024-12-26,Tepung Beras,kg,1,16000
2024-12-26,Es Batu Kristal,bks,2,8000
2024-12-27,Ayam Potong,kg,18,33000
2024-12-27,Kelapa Parut,bks,8,9000
2024-12-27,Tomat,kg,1,15000
2024-12-27,Cabe keriting Merah,kg,1,75000
2024-12-27,Kerupuk Terung,ball,2,50000
2024-12-27,Bawang Merah,kg,2,40000
2024-12-27,Kunir Bubuk Sachet - 5g,pcs,12,12500
2024-12-27,Gula Jawa,kg,1,22000
2024-12-27,Gas Lpg 12 Kg,tabung,5,193000
2024-12-31,Keju Gold,pack,24,14000
2024-12-31,Butter,kg,5,47500
2024-12-31,Cup Sambal + Tutup,pack,10,13000
2024-12-31,Plastik Es 1 kg,pack,10,9500
2024-12-31,Plastik Lorek,pack,5,18000
2024-12-31,Tepung Roti,kg,3,20000
2024-12-31,Daun Pepaya Mateng,kg,12,12500
2024-12-31,Daun Bawang,kg,1,17500
2024-12-31,Bawang Merah,kg,2,40000
2024-12-31,Es Batu Kristal,bks,2,8000
2024-12-31,Terasi Medan,kg,1,55000
2024-12-31,Obat Gendar,bks,1,20000
2024-12-31,Jamur Kuping,kg,1,10000
2025-01-01,Tepung Beras,kg,1,16000
2025-01-01,Buncis,kg,7,15000
2025-01-01,Jipan,kg,7,8000
2025-01-01,Kentang,kg,4,18000
2025-01-01,Daun Sho,ikat,10,90000
2025-01-01,Es Batu Kristal,bks,2,8000
2025-01-01,Kelapa Parut,bks,6,9000
2025-01-01,Kentang Cringkel,pack,20,65000
2025-01-01,Kentang Shoestring,pack,12,65000
2025-01-01,Saus Tomat Pilow ABC - Pcs,pcs,18,18434
2025-01-01,Saus Sambal Pilow ABC - Pcs,pcs,18,29294
2025-01-02,Cup Sambal + Tutup,pack,18,30500
2025-01-02,Leci Kaleng,can,12,32083
2025-01-02,Tepung Crispy Oyaya,kg,20,27500
2025-01-02,Tepung Roti,kg,3,20000
2025-01-02,Plastik Opp 13x13,pack,5,8500
2025-01-02,Sirup Fresh,btl,12,25834
2025-01-02,Telur Ayam,kg,101,28000
2025-01-02,Knorr Ayam,kg,5,108000
2025-01-02,Motto Miwon - 500g,pcs,32,47099
2025-01-02,Pocky Coklat,bks,20,10000
2025-01-02,Royco Sapi,kg,3,46000
2025-01-02,Supersol,pcs,24,13800
2025-01-02,Soklin Lantai 5L,jrigen,6,95220
2025-01-02,Sabun Cuci Piring - Mama Lemon,pcs,48,8925
2025-01-02,Chemical WPC,btl,6,12500
2025-01-02,AMDK 220ml - Gelas,karton,20,19369
2025-01-02,Fresh Milk - Greenfield,pcs,72,18980
2025-01-02,Susu UHT,pcs,36,19303
2025-01-02,Bawang Merah,kg,2,40000
2025-01-02,Cabe Setan,kg,1,82000
2025-01-02,Kacang Panjang,kg,15,15000
2025-01-02,Gula Jawa,kg,1,22000
2025-01-02,Daun Salam,ikat,1,3000
2025-01-02,Serai,kg,1,12000
2025-01-02,Minyak Goreng 2L,pcs,138,78250
2025-01-02,Gula Pasir Curah,kg,158,17000
2025-01-02,Tepung Segitiga Biru,pcs,84,11250
2025-01-02,Garam Halus,pcs,30,2375
2025-01-02,Plastik Es 1/2 kg,pack,10,9500
2025-01-02,Plastik Es 1 kg,pack,10,9500
2025-01-02,Plastik Lorek,pack,4,16500
2025-01-02,Plastik Hitam Tanggung,pack,10,7500
2025-01-02,Plastik Klip Ketela,pack,1,47500
2025-01-02,Plastik Sampah Besar,pack,2,55000
2025-01-02,Plastik Bening Sayur,pack,3,40000
2025-01-02,Plastik Bening Tanggung,pack,5,9000
2025-01-02,Kertas Minyak,pack,3,27000
2025-01-02,Tepung Terigu,kg,2,11250
2025-01-02,Masako Ayam,kg,1,42500
2025-01-02,Hand Glove,pack,3,12500
2025-01-02,Saus Tiram Saori,btl,1,60000
2025-01-02,Beras C4,kg,100,13000
2025-01-02,Bawang Putih,kg,10,42000
2025-01-02,Tissue Makan,pack,2,17500
2025-01-02,AMDK 19L - Galon Isi Ulang,galon,12,7000
2025-01-02,Kecap Lele - 680ml,pcs,4,28000
2025-01-02,Mie sedap goreng,pcs,1,108089
2025-01-02,Mie Sedap kuah,pcs,1,102726
2025-01-02,Chemical Bayclean,btl,1,25000
2025-01-02,Amenities Coaster Tissue,pcs,400,350
2025-01-02,Amenities Comb,pcs,300,650
2025-01-02,Amenities Cover Glass Mika,pcs,400,335
2025-01-02,Amenities Cover Teh,pcs,1250,380
2025-01-02,Amenities Creamer,pcs,600,500
2025-01-02,Amenities Cotton Bud,pcs,500,500
2025-01-02,Amenities Dental Kit,pcs,900,1675
2025-01-02,Liquid Detergent 5L,jrigen,3,47500
2025-01-02,Amenities Dispossal Bag,pcs,200,215
2025-01-02,AMDK 19L - Galon Banaran,galon,14,20000
2025-01-02,Amenities Laundry Bag,pcs,300,1000
2025-01-02,Amenities Match,pcs,160,600
2025-01-02,Amenities Memopad,pcs,250,700
2025-01-02,Amenities Shampoo,pcs,425,1200
2025-01-02,Amenities Shoe Shine,pcs,300,350
2025-01-02,Amenities Shower Cap,pcs,300,700
2025-01-02,Amenities Slipper,pcs,700,4217
2025-01-02,Amenities Soap,pcs,545,1300
2025-01-02,Softener 5L,jrigen,3,50000
2025-01-02,Sternogel,bks,1,41000
2025-01-02,Amenities Tissue Box,pcs,300,2150
2025-01-02,Permen,bks,8,6000
2025-01-02,Es batu,bks,5,8000
2025-01-02,Plastik Sampah HK,pack,6,24500
2025-01-03,Beras kencur - 25g,pcs,400,1400
2025-01-03,Plastik Es 1 kg,pack,10,9500
2025-01-03,Plastik Es 1/2 kg,pack,10,9500
2025-01-03,Plastik Klip 7x10,pack,10,6500
2025-01-03,Lilin,pack,15,7333
2025-01-03,Plastik Opp 13x13,pack,6,8000
2025-01-03,Plastik Opp 15x15,pack,6,9000
2025-01-03,Saus Tiram Panda,btl,12,62500
2025-01-03,Mie sedap goreng,pcs,200,5379
2025-01-03,Mie Sedap kuah,pcs,200,5112
2025-01-03,Sabun Cuci Piring - Mama Lemon,pcs,36,8925
2025-01-03,Kopi Banaran Bean Robusta 250 gr,pcs,40,45000
2025-01-03,AMDK Banaran 330 ml,btl,480,1600
2025-01-03,Gula Sachet,pcs,8000,450
2025-01-03,Kopi Banaran 250 gr,pcs,108,28526
2025-01-03,Kopi Banaran Clasic 200 gr,pcs,140,55585
2025-01-03,Kopi Banaran Sangrai 500 gr,pack,40,81987
2025-01-03,Kopi Banaran Curai 500 gr,pack,40,59970
2025-01-03,Serai,kg,1,12000
2025-01-03,Cabe Setan,kg,1,94000
2025-01-03,Tahu Pong,pcs,180,550
2025-01-03,Tepung Beras,kg,2,16000
2025-01-03,Sendok Bebek Plastik,pack,5,12500
2025-01-03,Es Batu Kristal,bks,2,8000
2025-01-03,Gas Itiz,box,10,68700
2025-01-04,Sawi Bakso,ikat,23,8000
2025-01-04,Cabe keriting Merah,kg,1,65000
2025-01-04,Es Batu Kristal,bks,2,8000
2025-01-04,Bawang Merah,kg,2,40000
2025-01-04,Tomat,kg,2,15000
2025-01-04,Kopi Kapal Api,bks,6,55000
2025-01-04,Kosok Stainlis,pack,1,25000
2025-01-04,Kosok Jaring,pack,1,22000
2025-01-05,Polo,kg,20,34000
2025-01-06,Polo,kg,47,12000
2025-01-06,Plastik Sampah Besar,pack,5,55000
2025-01-06,Hand Soap 5L,jrigen,2,37500
2025-01-06,Pembersih Kaca,jrigen,3,37500
2025-01-06,Ayam Potong,kg,18,33000
2025-01-06,Kemangi,kg,1,40000
2025-01-06,Kol,kg,5,8000
2025-01-06,Timun Lalap,kg,6,10000
2025-01-06,Tomat,kg,2,15000
2025-01-06,Cabe keriting Merah,kg,1,65000
2025-01-07,AMDK 19L - Galon Aqua,galon,18,18000
2025-01-07,Indomie Goreng Instan,pcs,120,3000
2025-01-07,Indomie Kuah Instan,pcs,80,2900
2025-01-07,AMDK 19L - Galon Isi Ulang,galon,15,7000
2025-01-08,Leci Kaleng,can,3,32500
2025-01-08,Plastik Bening Tanggung,pack,5,9500
2025-01-08,Plastik Sampah Besar,pack,5,55000
2025-01-08,Tissue Hand Paper Livi,pcs,144,7605
2025-01-08,Tissue Facial Refil 650 gr,pcs,24,16254
2025-01-08,Sabun Cuci Piring - Mama Lemon,pcs,36,8925
2025-01-08,Chemical WPC,btl,18,12000
2025-01-08,Kopi Banaran Bean Blend B 500 gr,pcs,20,110000
2025-01-08,Kopi Banaran Sangrai Arabica 500 gr,bks,3,90000
2025-01-08,Kopi Banaran Sangrai Robusta 500 gr,pcs,3,70000
2025-01-08,Kopi Banaran 250 gr,pcs,108,28526
2025-01-08,Kopi Banaran 100 gr,pcs,144,12195
2025-01-08,Kopi Banaran Clasic 200 gr,pcs,70,55585
2025-01-08,Mie Kancil,karton,1,1120000
2025-01-08,Kemangi,kg,1,45000
2025-01-08,Timun Lalap,kg,7,11000
2025-01-08,Cabe keriting Merah,kg,1,60000
2025-01-08,Kerupuk Terung,ball,3,50000
2025-01-08,Es Batu Kristal,bks,2,8000
2025-01-08,Bolu Kukus,pcs,35,2500
2025-01-09,Kecap Lele - 680ml,pcs,10,27500
2025-01-09,Plastik Es 1 kg,pack,10,9500
2025-01-09,Plastik Es 1/2 kg,pack,5,9500
2025-01-09,Plastik Bening Tanggung,pack,15,9500
2025-01-09,Masako Ayam,kg,3,44000
2025-01-09,Tissue Makan,pack,3,17500
2025-01-09,Beras C4,kg,250,13000
2025-01-09,Fresh Milk - Greenfield,pcs,60,18980
2025-01-09,Susu UHT,pcs,24,19303
2025-01-09,Flavour Lecy 1L Tofico,btl,14,105000
2025-01-09,Flavour Caramel 1L Tofico,btl,2,105000
2025-01-09,Flavour Vanilla 1L Tofico,btl,4,105000
2025-01-09,Powder Coklat 1kg Tofico,pack,13,160000
2025-01-09,Flavour Strawbery 1L Tofico,btl,2,105000
2025-01-09,Flavour Kiwi 1L Tofico,btl,2,105000
2025-01-09,Flavour Hazelnut 1L Tofico,btl,6,105000
2025-01-09,Flavour Orange 1L Tofico,btl,2,105000
2025-01-09,Powder Taro 1kg Tofico,pack,2,135000
2025-01-09,Powder Redvalvet 1kg Tofico,pack,2,150000
2025-01-09,Powder Greentea 1kg Tofico,pack,2,185000
2025-01-09,Tahu Putih,bks,15,10000
2025-01-09,Kerupuk Terung,ball,2,50000
2025-01-09,Cabe keriting Merah,kg,1,55000
2025-01-09,Kelapa Parut,bks,6,9000
2025-01-09,Kopi Kapal Api,bks,18,57500
2025-01-09,Bawang Merah,kg,2,40000
2025-01-09,Es Batu Kristal,bks,2,8000
2025-01-10,Plastik Sampah Besar,pack,5,55000
2025-01-10,Cup Sambal + Tutup,pack,10,13000
2025-01-10,Plastik Es 1 kg,pack,5,9500
2025-01-10,Ayam Dada Mentok,kg,10,34000
2025-01-10,Kemangi,kg,1,45000
2025-01-10,Kerupuk Terung,ball,2,50000
2025-01-10,Cabe keriting Merah,kg,1,60000
2025-01-10,Timun Lalap,kg,7,9000
2025-01-11,Telur Ayam,kg,40,26000
2025-01-11,Bakso Ayam Besar,kg,4,50000
2025-01-11,Kentang,kg,9,18000
2025-01-11,Wortel,kg,6,15000
2025-01-11,Tempe,bks,18,5000
2025-01-11,Tepung Beras,kg,1,16500
2025-01-11,Bawang Merah,kg,2,40000
2025-01-11,Cabe Setan,kg,1,85000
2025-01-11,Balungan Sapi,kg,1,25000
2025-01-12,Telur Ayam,kg,50,26000
2025-01-12,AMDK 19L - Galon Isi Ulang,galon,9,7000
2025-01-12,Flavour Blue Citrus 1L Tofico,btl,2,105000
2025-01-12,Kelapa Parut,bks,6,9000
2025-01-12,Jipan,kg,15,8000
2025-01-12,Tahu Putih,bks,14,16500
2025-01-12,Wortel,kg,2,15000
2025-01-12,Kol,kg,3,7000
2025-01-12,Rafia,roll,1,27500
2025-01-12,Es Batu Kristal,bks,2,8000
2025-01-12,Tempe,bks,7,2000
2025-01-12,Kangkung,ikat,3,5000
2025-01-13,Gula Pasir Curah,kg,100,17500
2025-01-13,Minyak Goreng 2L,pcs,18,40000
2025-01-13,Bawang Putih,kg,10,42000
2025-01-13,Parfum Laundry 5 L,jrigen,3,105000
2025-01-13,Butter,kg,3,47500
2025-01-13,Filma Margarine,pcs,60,6667
2025-01-13,Tepung Crispy Oyaya,kg,34,27500
2025-01-13,Royco Ayam,kg,2,45000
2025-01-13,Ayam Fillet,kg,5,44000
2025-01-13,Ayam Potong,kg,18,34000
2025-01-13,Kemangi,kg,1,40000
2025-01-13,Kerupuk Terung,ball,3,50000
2025-01-13,Bawang Merah,kg,4,40000
2025-01-13,Es Batu Kristal,bks,4,8000
2025-01-13,Cabe keriting Merah,kg,1,65000
2025-01-13,Cabe Setan,kg,1,85000
2025-01-13,Pindang,ekor,180,3000
2025-01-13,Tahu Putih,bks,6,10000
2025-01-13,Daun Singkong,ikat,15,4000
2025-01-13,Tomat,kg,2,15000
2025-01-13,Saus Niki Harum,bks,2,20000
2025-01-13,Plastik Lorek,pack,5,18000
2025-01-13,Plastik Hitam Tanggung,pack,10,7000
2025-01-13,Motto Miwon - 500g,pcs,24,25000
2025-01-13,Masako Sapi,kg,2,39000
2025-01-14,Beras C4,kg,250,13000
2025-01-14,Beras PW,kg,125,16000
2025-01-14,Filma Margarine,pcs,60,6000
2025-01-14,Kecap Lele - 680ml,pcs,25,28000
2025-01-14,Minyak Wijen,btl,12,44583
2025-01-14,Plastik Es 1 kg,pack,5,9500
2025-01-14,Royco Sapi,kg,2,46000
2025-01-14,Sendok Suapi/Plastik,pcs,200,150
2025-01-14,Garpu Suapi/Plastik,pcs,200,150
2025-01-14,Good Time,bks,20,10000
2025-01-14,Plastik Bening Tanggung,pack,5,9500
2025-01-14,Fresh Milk - Greenfield,pcs,48,18980
2025-01-14,Susu UHT,pcs,24,19303
2025-01-15,Minyak Goreng 2L,pcs,132,79500
2025-01-15,Gula Pasir Curah,kg,150,34100
2025-01-15,Tepung Terigu,kg,108,22250
2025-01-15,Kopi Banaran 250 gr,pcs,116,28526
2025-01-15,Kopi Banaran 100 gr,pcs,57,12195
2025-01-15,Kopi Banaran Premium 120 gr,pcs,12,25423
2025-01-15,Kopi Banaran Clasic 200 gr,pcs,60,55585
2025-01-15,Kopi Banaran Sangrai 500 gr,pack,40,81987
2025-01-15,Kopi Banaran Sachet 25 gr,pcs,455,1490
2025-01-15,Kopi Banaran Curai 500 gr,pack,50,59970
2025-01-15,Teh Tabur Kaligua,pcs,261,4955
2025-01-15,Teh Celup Kaligua,pcs,145,4360
2025-01-15,AMDK Banaran 600 ml,btl,144,2250
2025-01-15,Gula Sachet,pcs,5000,450
2025-01-15,Tusuk Gigi,pcs,1300,65
2025-01-15,Beras C4,kg,125,13000
2025-01-15,Beras PW,kg,100,16000
2025-01-15,Max Creamer,pcs,2,36488
2025-01-15,Kardus Makan Banaran,pcs,400,2600
2025-01-15,Tissue Roll,pcs,100,1634
2025-01-15,Tissue Facial Refil 650 gr,pcs,83,16254
2025-01-15,Tissue Hand Paper Livi,pcs,216,13911
2025-01-15,Tissue Pop Up Livi,pcs,212,6111
2025-01-15,Cup Ice,pcs,1850,1000
2025-01-15,Papper Cup,pcs,1300,850
2025-01-15,Supersol,pcs,24,13800
2025-01-15,Soklin Lantai 5L,jrigen,6,45561
2025-01-15,Chemical WPC,btl,18,12000
2025-01-15,Sabun Cuci Piring - Mama Lemon,pcs,24,8925
2025-01-15,Kopi Banaran Bean 500 gr,pcs,17,110000
2025-01-15,Kopi Banaran Bean Robusta 250 gr,pcs,16,40000
2025-01-15,Kopi Banaran Sangrai one 500 gr,pcs,10,120000
2025-01-15,Kopi Banaran Sangrai Arabica 500 gr,bks,2,125000
2025-01-15,Kopi Banaran Sangrai Robusta 500 gr,pcs,3,70000
2025-01-15,Saus Sambal Pilow ABC - Pcs,pcs,1,27650
2025-01-15,Saus Tomat Pilow ABC - Pcs,pcs,13,17333
2025-01-15,Flavour Blackcurant 1L Tofico,btl,2,105000
2025-01-15,Flavour Blue Citrus 1L Tofico,btl,1,105000
2025-01-15,Flavour Vanilla 1L Tofico,btl,2,105000
2025-01-15,Flavour Lecy 1L Tofico,btl,6,105000
2025-01-15,Flavour papermint 1L Tofico,btl,1,105000
2025-01-15,Flavour Caramel 1L Tofico,btl,1,105000
2025-01-15,Powder Coklat 1kg Tofico,pack,4,165000
2025-01-15,Powder Greentea 1kg Tofico,pack,2,185000
2025-01-15,Flavour Strawbery 1L Tofico,btl,1,105000
2025-01-15,Flavour Mangga Kweni 1L Tofico,btl,1,105000
2025-01-15,Flavour Grape 1L Tofico,btl,2,105000
2025-01-15,Powder Taro 1kg Tofico,pack,1,135000
2025-01-15,Flavour Banana Kurma 1L Tofico,btl,1,105000
2025-01-15,Sedotan Bungkus Hitam,ball,5,25000
2025-01-15,Sedotan Bungkus Putih,ball,7,25000
2025-01-15,Plastik Logo Besar,pack,8,22500
2025-01-15,Plastik Logo Tanggung,pack,10,18750
2025-01-15,Plastik logo kecil,pack,11,15000
2025-01-15,Susu carnation,can,24,9235
2025-01-15,Susu Evaporasi,can,57,13419
2025-01-15,SKM Gold Frisianflag,can,11,15937
2025-01-15,SKM Coklat Frisianflag,can,24,11750
2025-01-15,Mie Jawa - Pack,bks,10,12000
2025-01-15,Mamalime 680 ml,pcs,24,8925
2025-01-15,Brown Sugar Curah,kg,3,32000
2025-01-15,Leci Kaleng,can,14,25000
2025-01-15,Cup Sealer polos,roll,2,64000
2025-01-15,Papper Bag,pcs,200,7000
2025-01-15,Beras kencur - 25g,pcs,100,1400
2025-01-15,Pembersih Kaca,jrigen,5,35000
2025-01-15,AMDK Banaran 330 ml,btl,288,1600
2025-01-15,Kertas Thermal 40mm,pcs,30,5150
2025-01-15,Flavour Peach 1L Tofico,btl,1,105000
2025-01-15,Indomie Kuah Instan,pcs,40,2700
2025-01-15,Indomie Goreng Instan,pcs,40,2800
2025-01-15,AMDK 19L - Galon Banaran,galon,15,15000
2025-01-15,Single Origin Utan,pcs,8,127500
2025-01-15,Tissue Cocktail Livi,pcs,120,5060
2025-01-15,Ayam Fillet,kg,2,42000
2025-01-15,Jamur Tiram,kg,3,17000
2025-01-15,Bawang Merah,kg,5,48000
2025-01-16,AMDK Banaran 330 ml,btl,480,1300
2025-01-16,Kopi Banaran 250 gr,pcs,108,28526
2025-01-16,Kopi Banaran Sangrai 500 gr,pack,60,81987
2025-01-16,Kopi Banaran Curai 500 gr,pack,60,59970
2025-01-16,Teh Tabur Kaligua,pcs,168,4955
2025-01-16,Kentang Cringkel,pack,12,75000
2025-01-16,Kentang Shoestring,pack,8,70000
2025-01-16,Adonan Bakso,kg,9,12500
2025-01-16,AMDK 600ml,btl,12,15000
2025-01-18,SKM Gold Frisianflag,can,2,17000
2025-01-18,AMDK 19L - Galon Aqua,galon,16,18000
2025-01-18,Ayam Potong,kg,17,33000
2025-01-18,Timun Lalap,kg,6,7500
2025-01-18,Cabe Setan,kg,1,60000
2025-01-18,Kol,kg,6,7000
2025-01-18,Es Batu Kristal,bks,2,8000
2025-01-18,Sendok Bebek Plastik,pack,5,12500
2025-01-18,Tepung Terigu,kg,12,11250
2025-01-19,Max Creamer,pcs,5,36488
2025-01-19,Ayam Dada Mentok,kg,3,36000
2025-01-19,AMDK 19L - Galon Banaran,galon,24,15000
2025-01-19,soda Kemasan Plastik,pcs,60,3000
2025-01-19,Tissue Facial Refil 650 gr,pcs,36,16254
2025-01-19,Leci Kaleng,can,3,32500
2025-01-19,Sendok Suapi/Plastik,pcs,300,150
2025-01-19,AMDK Banaran 330 ml,btl,1344,2900
2025-01-19,Kentang,kg,1,5000
2025-01-19,Tissue Hand Paper Livi,pcs,17,6306
2025-01-19,Tissue Roll,pcs,76,1634
2025-01-19,Sirup Fresh,btl,1,25500
2025-01-19,Gula Sachet,pcs,1500,450
2025-01-19,Coklat Topping,btl,5,30000
2025-01-19,Tissue Pop Up Livi,pcs,30,2508
2025-01-19,Susu kental Manis Frisian gold,can,4,16250
2025-01-19,SKM Coklat,can,13,11800
2025-01-19,Mamalime 680 ml,pcs,27,8925
2025-01-19,Hand Soap 5L,jrigen,2,35000
2025-01-19,Handsanitizer 5L,jrigen,1,65000
2025-01-19,Pembersih Kaca,jrigen,1,35000
2025-01-19,Cup Ice,pcs,200,1000
2025-01-19,Papper Cup,pcs,100,850
2025-01-19,Sabun B29,btl,11,9500
2025-01-19,Chemical Bayclean,btl,1,9000
2025-01-19,Mayonaise,pack,4,32000
2025-01-19,Tusuk Gigi,pcs,500,65
2025-01-19,Sedotan Bungkus Hitam,ball,1,25000
2025-01-19,Sedotan Bungkus Putih,ball,1,25000
2025-01-19,Kopi Banaran Curai 500 gr,pack,9,59970
2025-01-19,Kopi Banaran Sangrai 500 gr,pack,17,81987
2025-01-19,Teh Tabur Kaligua,pcs,191,4955
2025-01-19,Teh Celup Kaligua,pcs,22,4360
2025-01-19,Sedotan Panas,pack,1,18000
2025-01-19,AMDK Banaran 600 ml,btl,96,15000
2025-01-19,Kecap bangau 720 gr,pcs,6,27400
2025-01-19,Tepung Maizena,kg,2,11000
2025-01-19,Kecap Inggris,btl,1,44000
2025-01-19,Minyak Wijen,btl,1,38000
2025-01-19,Kecap Asin,btl,1,17000
2025-01-19,Saus Teriyaki,btl,3,55000
2025-01-19,Minyak Goreng 2L,pcs,24,19167
2025-01-19,Indomie Goreng Instan,pcs,65,2800
2025-01-19,Indomie Kuah Instan,pcs,60,2700
2025-01-19,Beras C4,kg,50,13000
2025-01-19,Beras PW,kg,50,16000
2025-01-19,Tepung Crispy Oyaya,kg,3,26500
2025-01-19,Saus Tiram Saori,btl,4,53000
2025-01-19,Kardus Snack Banaran,pcs,29,1600
2025-01-19,Kardus Makan Banaran,pcs,90,2100
2025-01-19,Kertas Minyak,pack,6,27000
2025-01-19,Mie Jagung,bks,16,6700
2025-01-19,Mie Jawa,ball,16,12000
2025-01-19,Kerupuk Bawang,kg,5,20400
2025-01-19,Kecap Lele - 680ml,pcs,21,26000
2025-01-19,Filma Margarine,pcs,6,6000
2025-01-19,Tepung Segitiga Biru,pcs,20,11000
2025-01-19,Motto Miwon - 500g,pcs,6,11000
2025-01-19,Tepung Bumbu,pcs,33,9375
2025-01-19,Saus Sambal Pilow ABC - Pcs,pcs,5,27650
2025-01-19,Saus Tomat Pilow ABC - Pcs,pcs,2,17000
2025-01-19,saus sambal sachet,bks,3,24000
2025-01-19,Saus Tomat Sachet,bks,5,24000
2025-01-19,Tepung Beras,kg,14,9000
2025-01-19,Plastik kresek bening besar,pack,7,8500
2025-01-19,Plastik kresek bening tanggung,pack,4,8500
2025-01-19,Plastik Opp 15x15,pack,5,9500
2025-01-19,Plastik Opp Sendok,pack,1,7500
2025-01-19,Plastik Klip 7x10,pack,3,5000
2025-01-19,Plastik 12x12,pack,5,8000
2025-01-19,Plastik Es 1 kg,pack,11,3500
2025-01-19,Plastik Es 1/2 kg,pack,15,2500
2025-01-19,Papper Bag,pcs,75,7000
2025-01-19,Plastik Sampah 60x80,pack,3,54000
2025-01-19,Kopi Banaran Premium 120 gr,pcs,36,25423
2025-01-19,Kopi Banaran Bean Blend B 500 gr,pcs,10,110000
2025-01-19,Kopi Banaran Bean Robusta 500 gr,pcs,5,70000
2025-01-19,Kopi Banaran Bean Arabika 500 gr,pcs,3,125000
2025-01-19,Kopi Banaran Sangrai Robusta 500 gr,pcs,3,70000
2025-01-19,Kopi Banaran Sangrai Arabica 500 gr,bks,4,125000
2025-01-20,Susu Evaporasi,can,50,29218
2025-01-20,Sedotan Bungkus Putih,ball,5,25000
2025-01-20,Cup Sambal + Tutup,pack,10,13000
2025-01-20,Plastik Sampah Besar,pack,10,55000
2025-01-20,Plastik Bening Sayur,pack,3,35000
2025-01-20,Plastik Bening Tanggung,pack,5,9500
2025-01-20,Plastik Klip Ketela,pack,4,47500
2025-01-20,Plastik Lorek,pack,5,18000
2025-01-20,Plastik Logo Besar,pack,5,25000
2025-01-20,Plastik Logo Tanggung,pack,10,20000
2025-01-20,Plastik logo kecil,pack,10,15000
2025-01-20,Sabun Cuci Piring - Mama Lemon,pcs,48,16957
2025-01-20,Mayonaise,pack,3,35000
2025-01-20,Plastik Es 1/2 kg,pack,5,9500
2025-01-20,Plastik Es 1 kg,pack,5,9500
2025-01-20,Plastik Opp 13x13,pack,5,9000
2025-01-20,Sendok Cup,pack,3,8000
2025-01-20,Supersol,pcs,12,13800
2025-01-20,Saus Sambal Pilow ABC - Pcs,pcs,18,29294
2025-01-20,Saus Tomat Pilow ABC - Pcs,pcs,18,18434
2025-01-20,soda Kemasan Plastik,pcs,132,5725
2025-01-20,Pembersih Kaca,jrigen,2,37500
2025-01-20,Hand Soap 5L,jrigen,2,37500
2025-01-20,Motto Miwon - 500g,pcs,24,25000
2025-01-20,Kecap Lele - 680ml,pcs,25,26750
2025-01-20,Tahu Putih,bks,20,10000
2025-01-20,Tempe,bks,17,5000
2025-01-20,Buncis,kg,13,15000
2025-01-20,Wortel,kg,1,17000
2025-01-20,Es Batu Kristal,bks,1,8000
2025-01-20,Serai,kg,1,12000
2025-01-20,Fresh Milk - MilkLife,pcs,7,18000
2025-01-20,Yakult,pcs,10,2100
2025-01-20,Wip cream Cair,pcs,4,55000
2025-01-20,Powder Coklat 1kg Tofico,pack,1,160000
2025-01-20,Powder Greentea 1kg Tofico,pack,1,185000
2025-01-20,Powder Redvalvet 1kg Tofico,pack,1,135000
2025-01-20,Powder Taro 1kg Tofico,pack,931,135000
2025-01-20,Flavour Lecy 1L Tofico,btl,1,105000
2025-01-20,Flavour papermint 1L Tofico,btl,1,105000
2025-01-20,Flavour Vanilla 1L Tofico,btl,1,105000
2025-01-20,Flavour Kiwi 1L Tofico,btl,1,105000
2025-01-20,Flavour Grape 1L Tofico,btl,1,105000
2025-01-20,Good Time,bks,36,1825
2025-01-20,Roti Ritz,bks,2,2800
2025-01-20,Pocky Coklat,bks,2,9000
2025-01-20,Regal Marie,bks,1,19700
2025-01-20,Strawberry Topping,btl,1,27000
2025-01-20,SKM Gold Frisianflag,can,2,15937
2025-01-20,Leci Kaleng,can,2,25000
2025-01-20,Topping Caramel,btl,1,27000
2025-01-20,Kopi Banaran Sangrai 500 gr,pack,1,81987
2025-01-20,Kopi Banaran Sangrai Robusta 500 gr,pcs,1,70000
2025-01-20,Kopi Banaran Sangrai Arabica 500 gr,bks,1,125000
2025-01-20,Jeruk Kaleng Wilmond,can,2,24500
2025-01-21,Good Time,bks,144,6944
2025-01-21,Tomat,kg,2,10000
2025-01-21,Abon,kg,1,25000
2025-01-21,Plastik Es 1 kg,pack,10,9500
2025-01-21,Butter,kg,3,47500
2025-01-21,Susu carnation,can,48,14024
2025-01-21,Leci Kaleng,can,6,32500
2025-01-21,Plastik Opp 15x15,pack,5,9000
2025-01-21,Tepung Roti,kg,3,20000
2025-01-21,Susu Gold Omela,can,48,10500
2025-01-21,Susu UHT,pcs,36,193029
2025-01-21,Bumbu Rendang,pcs,3,8000
2025-01-21,Kelapa Parut,bks,6,9000
2025-01-21,Gula Jawa,kg,1,22000
2025-01-21,Cabe keriting Merah,kg,1,54000
2025-01-21,Es Batu Kristal,bks,1,8000
2025-01-21,Bawang Merah,kg,2,40000
2025-01-21,Ati Ampela,kg,19,20000
2025-01-22,Minyak Goreng 2L,pcs,30,40000
2025-01-22,Tepung Terigu,kg,24,11250
2025-01-22,Kentang Shoestring,pack,8,65000
2025-01-22,Tissue Hand Paper Livi,pcs,120,6010
2025-01-22,Tissue Facial Refil 650 gr,pcs,24,16254
2025-01-22,Tissue Pop Up Livi,pcs,72,3604
2025-01-23,Strawberry - kg,kg,7,60000
2025-01-23,Sirsak,kg,12,9000
2025-01-23,Kopi Banaran 100 gr,pcs,103,12195
2025-01-23,Kopi Banaran Premium 120 gr,pcs,87,25423
2025-01-23,Fresh Milk - MilkLife,pcs,84,18000
2025-01-23,Kopi Banaran Clasic 200 gr,pcs,52,55585
2025-01-23,Kopi Banaran 250 gr,pcs,151,28526
2025-01-23,Kopi Banaran Bean Robusta 500 gr,pcs,21,70000
2025-01-23,Kopi Banaran Bean Arabika 500 gr,pcs,3,120000
2025-01-23,Teh Tabur Kaligua,pcs,223,4955
2025-01-23,Teh Celup Kaligua,pcs,203,4360
2025-01-23,Kopi Banaran Sachet 25 gr,pcs,23,1490
2025-01-23,Kopi Banaran Bean Blend B 500 gr,pcs,26,110000
2025-01-23,Plastik logo kecil,pack,10,15000
2025-01-23,Plastik Logo Tanggung,pack,10,20000
2025-01-23,Plastik Logo Besar,pack,10,25000
2025-01-23,Kecap Ikan Merah,btl,12,39583
2025-01-23,Saus Tiram Panda,btl,12,62500
2025-01-23,Knorr Ayam,kg,3,103000
2025-01-23,Plastik Bening Sayur,pack,3,35000
2025-01-23,Plastik Bening Tanggung,pack,5,9500
2025-01-23,Plastik Lorek,pack,5,17500
2025-01-23,AMDK 220ml - Gelas,karton,20,19369
2025-01-23,AMDK 330ml,btl,720,1600
2025-01-23,Telur Ayam,kg,83,24000
2025-01-23,Bawang Putih,kg,15,42000
2025-01-23,Minyak Goreng 2L,pcs,18,40000
2025-01-23,Gula Pasir Curah,kg,50,18000
2025-01-23,Kecap Lele - 680ml,pcs,5,28000
2025-01-23,Beras C4,kg,200,13000
2025-01-23,Beras PW,kg,75,16000
2025-01-24,Margarin Palmia,pcs,60,6000
2025-01-25,Beras C4,kg,250,13000
2025-01-25,Garam Halus,pcs,40,2375
2025-01-25,Plastik Es 1 kg,pack,15,9500
2025-01-25,Saus Tiram Saori,btl,3,57500
2025-01-25,Chemical Bayclean,btl,3,27500
2025-01-26,Max Creamer,pcs,24,35738
2025-01-26,Kopi Banaran 250 gr,pcs,252,28526
2025-01-26,Kopi Banaran Premium 120 gr,pcs,108,25423
2025-01-26,Kopi Banaran Clasic 200 gr,pcs,350,55585
2025-01-26,Kopi Banaran Sachet 25 gr,pcs,1200,1490
2025-01-26,Kopi Banaran Curai 500 gr,pack,80,59970
2025-01-26,Teh Tabur Kaligua,pcs,84,4955
2025-01-26,Teh Celup Kaligua,pcs,120,4360
2025-01-26,AMDK 19L - Galon Banaran,galon,30,35000
2025-01-26,Minyak Goreng 2L,pcs,60,39500
2025-01-26,Indomie Kuah Instan,pcs,160,5600
2025-01-26,Tepung Terigu,kg,60,11000
2025-01-26,Mie Jawa - Pack,bks,50,12000
2025-01-26,Mamalime 680 ml,pcs,120,8925
2025-01-26,Kardus Makan Banaran,pcs,880,2600
2025-01-26,Kardus Snack Banaran,pcs,938,1800
2025-01-26,Kertas Thermal 40mm,pcs,100,5250
2025-01-26,Beras C4,kg,250,13000
2025-01-26,Beras PW,kg,50,16000
2025-01-26,Saus Sambal Pilow ABC - Pcs,pcs,60,58884
2025-01-26,Tissue Roll,pcs,200,1634
2025-01-26,Tissue Facial Refil 650 gr,pcs,24,16253
2025-01-26,Tissue Hand Paper Livi,pcs,144,6306
2025-01-26,Tissue Pop Up Livi,pcs,120,2507
2025-01-26,Kopi Banaran 100 gr,pcs,72,12195
2025-01-26,Kopi Banaran Sangrai 500 gr,pack,20,81987
2025-01-26,AMDK Banaran 600 ml,btl,192,2250
2025-01-26,Tusuk Gigi,pcs,4000,65
2025-01-26,Kopi Banaran Bean Arabika 500 gr,pcs,20,125000
2025-01-26,Kopi Banaran Bean Robusta 500 gr,pcs,20,70000
2025-01-26,Susu Evaporation - Sunbay,can,2,16000
2025-01-26,SKM Cap Tiga Sapi,can,3,14000
2025-01-26,Kecap bangau 720 gr,pcs,5,22500
2025-01-26,Motto Miwon - 500g,pcs,3,25000
2025-01-26,Garam Halus,pcs,3,2500
2025-01-26,Royco Ayam,kg,5,10000
2025-01-26,Kerupuk Bawang,kg,5,20000
2025-01-26,Garam Refina,pcs,20,7500
2025-01-26,AMDK 19L - Galon Aqua,galon,16,18000
2025-01-26,Indomie Goreng Instan,pcs,80,3000
2025-01-26,Butter,kg,3,47500
2025-01-26,Cup Sambal + Tutup,pack,10,13000
2025-01-26,Kertas Minyak,pack,10,27500
2025-01-26,Mayonaise,pack,3,35000
2025-01-26,Mie Kancil,karton,1,1120000
2025-01-26,Plastik Es 1 kg,pack,5,9500
2025-01-26,Plastik Sampah Besar,pack,5,55000
2025-01-26,Leci Kaleng,can,6,32500
2025-01-26,Telur Ayam,kg,77,25000
2025-01-26,Sabun Cuci Piring - Mama Lemon,pcs,48,16957
2025-01-26,Chemical WPC,btl,12,12000
2025-01-26,Supersol,pcs,24,13800
2025-01-26,Soklin Lantai 5L,jrigen,6,45561
2025-01-26,Saus Tomat Pilow ABC - Pcs,pcs,24,37053
2025-01-27,Gula Pasir Curah,kg,100,18000
2025-01-27,Minyak Goreng 2L,pcs,90,40000
2025-01-27,Tepung Terigu,kg,84,11250
2025-01-27,Beras C4,kg,200,13000
2025-01-27,Beras PW,kg,50,16000
2025-01-27,Good Time,bks,144,6944
2025-01-27,Leci Kaleng,can,6,32500
2025-01-27,Plastik Es 1 kg,pack,10,9500
2025-01-27,Plastik Es 1/2 kg,pack,10,9500
2025-01-28,Kentang Shoestring,pack,12,70000
2025-01-28,Kentang Cringkel,pack,12,75000
2025-01-30,Bayam Bubut,ikat,25,11000
2025-01-30,Tahu Putih,bks,13,10000
2025-01-30,Jagung,kg,10,9000
2025-01-30,Tempe,bks,21,5000
2025-01-30,Tepung Beras,kg,2,16500
2025-01-30,Cabe keriting Merah,kg,1,130000
2025-01-30,Kerupuk Terung,ball,2,50000
2025-01-30,Bawang Merah,kg,2,40000
2025-01-30,Tomat,kg,1,16000
2025-01-30,Pindang,ekor,210,3000
2025-01-30,Daun Singkong,ikat,15,4000
2025-01-30,Kelapa Parut,bks,6,9000
2025-01-30,Bubuk Kunir Sachet,renteng,12,12500
2025-01-30,Es Batu Kristal,bks,2,8000
2025-01-31,Ikan Kembung,ekor,165,45000
2025-01-31,Kangkung,ikat,28,5500
2025-01-31,Bawang Merah,kg,2,40000
2025-01-31,Es Batu Kristal,bks,1,8000
2025-01-31,Sendok Bebek Plastik,pack,5,12000
2025-02-01,Ayam Potong,kg,17,32000
2025-02-01,Kerupuk Terung,ball,2,50000
2025-02-01,Es Batu Kristal,bks,1,8000
2025-02-02,Pembersih Kaca,jrigen,3,3700
2025-02-02,Hand Soap 5L,jrigen,2,40000
2025-02-02,Sedotan Bungkus Hitam,ball,5,25000
2025-02-02,Cup Ice,pcs,1000,1000
2025-02-02,Plastik Logo Besar,pack,10,25000
2025-02-02,Plastik Logo Tanggung,pack,10,20000
2025-02-02,Plastik logo kecil,pack,10,15000
2025-02-02,Saus Botol,pcs,144,6500
2025-02-02,Kopi Banaran Sangrai one 500 gr,pcs,20,120000
2025-02-02,Tepung Crispy Oyaya,kg,28,26026
2025-02-02,Minyak Goreng 2L,pcs,60,39500
2025-02-02,Gula Pasir Curah,kg,150,17200
2025-02-02,Tepung Beras,kg,10,7100
2025-02-02,Tepung Segitiga Biru,pcs,36,11000
2025-02-02,Mie Jawa - Pack,bks,50,12000
2025-02-02,Ayam Pejantan,ekor,15,43000
2025-02-02,Buntut Sapi,kg,11,90000
2025-02-02,Daging Rawon,kg,2,135000
2025-02-02,Minyak Wijen,btl,2,42000
2025-02-02,Saus Tiram Panda,btl,2,60000
2025-02-02,Saus Tiram Saori,btl,3,53000
2025-02-02,Knorr Ayam,kg,2,97500
2025-02-02,Teri Nasi,kg,1,83000
2025-02-02,Ebi,kg,1,138500
2025-02-02,Motto Miwon - 500g,pcs,15,27500
2025-02-02,Filma Margarine,pcs,70,14416
2025-02-02,Beras kencur - 25g,pcs,200,1400
2025-02-02,AMDK 19L - Galon Banaran,galon,15,15000
2025-02-02,Gula Sachet,pcs,4000,450
2025-02-02,Kopi Banaran Bean Blend B 500 gr,pcs,20,20000
2025-02-02,Kopi Banaran Sangrai Arabica 500 gr,bks,3,125000
2025-02-02,Kopi Banaran Sangrai Robusta 500 gr,pcs,6,70000
2025-02-02,Fresh Milk - MilkLife,pcs,24,18000
2025-02-02,Tahu Putih,bks,10,10000
2025-02-02,Tempe,bks,17,5000
2025-02-02,Es Batu Kristal,bks,2,8000
2025-02-02,Kol,kg,9,7000
2025-02-02,Wortel,kg,4,15000
2025-02-02,Kentang,kg,6,21000
2025-02-02,Cabe Setan,kg,1,55000
2025-02-02,Balungan Sapi,kg,1,25000
2025-02-02,Daun Salam,ikat,1,3000
2025-02-02,Sedotan lancip take away,pack,1,18000
2025-02-02,Telur Ayam,kg,40,26000
2025-02-03,Gula Pasir Banaran - 1kg,bks,87,17300
2025-02-03,Kopi Banaran 250 gr,pcs,144,28526
2025-02-03,Kopi Banaran 100 gr,pcs,72,12195
2025-02-03,Teh Celup Kaligua,pcs,60,4360
2025-02-03,Beras C4,kg,150,13000
2025-02-03,Beras PW,kg,50,16000
2025-02-03,Butter,kg,3,47500
2025-02-03,Mayonaise,pack,3,35000
2025-02-03,Plastik Hitam Tanggung,pack,5,7000
2025-02-03,Plastik Sampah Besar,pack,5,55000
2025-02-03,Sedotan Bungkus Putih,ball,3,30000
2025-02-03,Tepung Roti,kg,3,20000
2025-02-03,Pocky Coklat,bks,20,9000
2025-02-03,Royco Sapi,kg,2,44000
2025-02-03,Knorr Ayam,kg,2,108000
2025-02-03,Kertas Minyak,pack,5,27500
2025-02-03,Masako Ayam,kg,2,40000
2025-02-03,Royco Ayam,kg,2,44000
2025-02-03,Pembersih Kaca,jrigen,2,37500
2025-02-03,Hand Soap 5L,jrigen,4,37500
2025-02-03,Terong,kg,25,13000
2025-02-03,Cabe keriting Merah,kg,1,56000
2025-02-03,Cabe Setan,kg,1,56000
2025-02-03,Daun Bawang,kg,1,12000
2025-02-03,Serai,kg,1,12000
2025-02-03,Tomat,kg,2,15000
2025-02-04,Kacang Panjang,kg,3,12000
2025-02-04,Jipan,kg,4,7000
2025-02-04,Daun Sho,ikat,6,4000
2025-02-04,Kol,kg,3,7000
2025-02-04,Bandeng Presto,ekor,180,3500
2025-02-04,Tepung Beras,kg,1,16500
2025-02-04,Es Batu Kristal,bks,3,8000
2025-02-04,Bawang Merah,kg,2,40000
2025-02-04,Sawi Sendok,kg,25,7000
2025-02-04,Tahu Goreng,pcs,210,850
2025-02-04,Tempe,bks,21,5000
2025-02-04,Gula Jawa,kg,1,22000
2025-02-04,soda Kemasan Plastik,pcs,120,2625
2025-02-05,Kopi Banaran Bean 500 gr,pcs,4,59970
2025-02-05,Teh Tabur Kaligua,pcs,10,4955
2025-02-05,Teh Celup Kaligua,pcs,6,4360
2025-02-05,soda Kemasan Plastik,pcs,24,3000
2025-02-05,SKM Gold Frisianflag,can,4,16250
2025-02-05,SKM Coklat Frisianflag,can,2,11800
2025-02-05,Sirup Fresh,btl,2,24500
2025-02-05,Gula batu,pack,60,71500
2025-02-05,Gula Pasir Curah,kg,90,16000
2025-02-05,Gula Jawa,kg,25,28000
2025-02-05,Buah Jeruk,kg,15,19500
2025-02-05,Jeruk Nipis,kg,3,13000
2025-02-05,Buah Alpukat,kg,14,17500
2025-02-05,Jambu,kg,4,11000
2025-02-05,Strawberry - kg,kg,11,65000
2025-02-05,Seledri,kg,1,12000
2025-02-05,Melon,kg,2,14000
2025-02-05,Sirsak,kg,13,9000
2025-02-05,Durian,kg,2,60000
2025-02-05,Lemon,kg,2,34500
2025-02-05,Cabe Jawa,kg,1,60000
2025-02-05,Gula Tropicana - Sachet,pcs,200,860
2025-02-05,AMDK 19L - Galon Banaran,galon,5,15000
2025-02-05,Kopi Banaran Curai 500 gr,pack,4,59970
2025-02-05,Max Creamer,pcs,1,34378
2025-02-05,Supersol,pcs,24,13800
2025-02-05,Sabun Cuci Piring - Mama Lemon,pcs,36,8479
2025-02-05,Chemical WPC,btl,6,12000
2025-02-06,Kopi Banaran Curai 500 gr,pack,5,59970
2025-02-06,Teh Tabur Kaligua,pcs,96,4955
2025-02-06,Teh Celup Kaligua,pcs,4,4360
2025-02-06,soda Kemasan Plastik,pcs,24,3000
2025-02-06,SKM Gold Frisianflag,can,51,32709
2025-02-06,SKM Coklat Frisianflag,can,2,11800
2025-02-06,Sirup Fresh,btl,2,24500
2025-02-06,Gula batu,pack,60,6500
2025-02-06,Gula Pasir Curah,kg,226,95000
2025-02-06,Gula Jawa,kg,20,28000
2025-02-06,Buah Jeruk,kg,15,19500
2025-02-06,Jeruk Nipis,kg,7,13000
2025-02-06,Buah Alpukat,kg,10,17500
2025-02-06,Jambu,kg,4,11000
2025-02-06,Kopi Banaran Clasic 200 gr,pcs,125,55585
2025-02-06,Kopi Banaran 250 gr,pcs,36,28526
2025-02-06,Kopi Banaran Sachet 25 gr,pcs,450,1490
2025-02-06,Strawberry - kg,kg,11,65000
2025-02-06,Seledri,kg,2,12000
2025-02-06,Sirsak,kg,27,9000
2025-02-06,Durian,kg,2,60000
2025-02-06,Cabe Jawa,kg,1,60000
2025-02-06,Kapulogo,kg,1,100000
2025-02-06,Gula Tropicana - Sachet,pcs,200,860
2025-02-06,AMDK 19L - Galon Banaran,galon,4,15000
2025-02-06,Max Creamer,pcs,2,68763
2025-02-06,Kopi Banaran Bean Robusta 500 gr,pcs,9,70000
2025-02-06,Kopi Banaran Bean Arabika 500 gr,pcs,9,125000
2025-02-06,Kopi Banaran Bean Blend B 500 gr,pcs,4,110000
2025-02-06,Kopi Banaran 100 gr,pcs,37,12195
2025-02-06,Melon,kg,1,14000
2025-02-06,Plastik Cup Ice,pack,25,1000
2025-02-06,Plastik Klip Ketela,pack,2,47500
2025-02-06,Plastik Es 1 kg,pack,10,9500
2025-02-06,Plastik Klip 7x10,pack,10,6500
2025-02-06,Plastik Opp 15x15,pack,5,9000
2025-02-06,Fresh Milk - Greenfield,pcs,36,18980
2025-02-06,Susu UHT,pcs,36,19303
2025-02-06,Buncis,kg,17,12000
2025-02-06,Wortel,kg,3,17000
2025-02-06,Bawang Merah,kg,2,33000
2025-02-06,Cabe keriting Merah,kg,1,52000
2025-02-06,Es Batu Kristal,bks,2,8000
2025-02-06,Mie Sedap kuah,pcs,200,2544
2025-02-06,Mie sedap goreng,pcs,200,2676
2025-02-06,Kecap Lele - 680ml,pcs,5,28000
2025-02-06,Minyak Goreng 2L,pcs,24,40000
2025-02-06,Bawang Putih,kg,15,42000
2025-02-07,Kopi Banaran Curai 500 gr,pack,3,59970
2025-02-07,Teh Tabur Kaligua,pcs,6,4955
2025-02-07,Teh Celup Kaligua,pcs,2,4360
2025-02-07,soda Kemasan Plastik,pcs,12,3000
2025-02-07,SKM Gold Frisianflag,can,2,16250
2025-02-07,SKM Coklat Frisianflag,can,2,11800
2025-02-07,Sirup Fresh,btl,1,24500
2025-02-07,Gula batu,pack,20,26000
2025-02-07,Gula Pasir Curah,kg,207,34000
2025-02-07,Gula Jawa,kg,10,28000
2025-02-07,Buah Jeruk,kg,10,19500
2025-02-07,Jeruk Nipis,kg,3,13000
2025-02-07,Buah Alpukat,kg,5,17500
2025-02-07,Strawberry - kg,kg,5,65000
2025-02-07,Seledri,kg,1,12000
2025-02-07,Melon,kg,1,14000
2025-02-07,Sirsak,kg,13,9000
2025-02-07,Durian,kg,1,60000
2025-02-07,Gula Tropicana - Sachet,pcs,100,860
2025-02-07,Plastik Cup Ice,pack,25,1000
2025-02-07,AMDK 19L - Galon Banaran,galon,16,35000
2025-02-07,Kopi Banaran 250 gr,pcs,72,28526
2025-02-07,Kopi Banaran Bean Robusta 500 gr,pcs,4,70000
2025-02-07,AMDK Banaran 600 ml,btl,360,2250
2025-02-07,Kopi Banaran Sangrai one 500 gr,pcs,20,120000
2025-02-07,AMDK 19L - Galon Aqua,galon,9,19000
2025-02-07,Indomie Goreng Instan,pcs,120,3000
2025-02-07,Indomie Kuah Instan,pcs,80,2900
2025-02-07,Minyak Goreng 2L,pcs,120,40000
2025-02-07,Tepung Terigu,kg,48,11250
2025-02-07,Keju Gold,pack,48,13000
2025-02-07,Knorr Ayam,kg,3,108000
2025-02-07,Tissue Facial Refil 650 gr,pcs,24,16254
2025-02-07,Tissue Hand Paper Livi,pcs,144,7605
2025-02-07,Tissue Roll,pcs,100,1634
2025-02-07,Tissue Cocktail Livi,pcs,120,4559
2025-02-07,Bayam Bubut,ikat,22,10000
2025-02-07,Kelapa Parut,bks,6,10000
2025-02-07,Tempe,bks,17,5000
2025-02-07,Tahu Putih,bks,9,10000
2025-02-07,Cabe keriting Merah,kg,1,45000
2025-02-07,Tepung Beras,kg,1,16500
2025-02-07,Es Batu Kristal,bks,2,8000
2025-02-08,Ayam Potong,kg,17,30000
2025-02-08,Bumbu Rendang,pcs,3,8000
2025-02-08,Kerupuk Terung,ball,2,50000
2025-02-08,Kelapa Parut,bks,14,10000
2025-02-08,Laos,kg,1,8000
2025-02-08,Bawang Merah,kg,2,32000
2025-02-09,Daun Bawang,kg,1,12000
2025-02-09,Tempe,bks,20,5000
2025-02-09,Kemangi,kg,1,55000
2025-02-09,Cabe keriting Merah,kg,1,40000
2025-02-09,Bawang Merah,kg,2,32000
2025-02-09,Es Batu Kristal,bks,2,8000
2025-02-09,Kopi Banaran Bean Arabika 500 gr,pcs,10,125000
2025-02-09,AMDK 19L - Galon Isi Ulang,galon,17,7000
2025-02-09,Beras C4,kg,250,13000
2025-02-09,Plastik Es 1 kg,pack,10,9500
2025-02-09,Plastik Es 1/2 kg,pack,5,9500
2025-02-09,Plastik Bening Tanggung,pack,10,9500
2025-02-09,Kertas Minyak,pack,5,27000
2025-02-09,Tissue Makan,pack,4,17500
2025-02-09,Plastik Hitam Tanggung,pack,10,7000
2025-02-09,Kopi Banaran Bean Robusta 500 gr,pcs,9,70000
2025-02-09,Kopi Banaran Bean Blend B 500 gr,pcs,3,110000
2025-02-10,Cup Sambal + Tutup,pack,20,13000
2025-02-10,Leci Kaleng,can,12,32500
2025-02-10,Tepung Crispy Oyaya,kg,10,27500
2025-02-10,Butter,kg,3,47500
2025-02-10,Masako Ayam,kg,2,40000
2025-02-10,Ayam Potong,kg,17,30000
2025-02-10,Kelapa Parut,bks,12,10000
2025-02-10,Wortel,kg,3,17000
2025-02-10,Kol,kg,9,7000
2025-02-10,Gula Jawa,kg,2,22000
2025-02-10,Daun Salam,ikat,1,3000
2025-02-10,Jahe,kg,1,35000
2025-02-10,Laos,kg,1,8000
2025-02-10,Es Batu Kristal,bks,2,8000
2025-02-10,Bawang Merah,kg,2,32000
2025-02-10,Beras C4,kg,200,13000
2025-02-10,Beras PW,kg,100,16000
2025-02-10,Kopi Banaran Premium 120 gr,pcs,36,25423
2025-02-11,Kardus Snack Banaran,pcs,2000,1600
2025-02-11,Kardus Makan Banaran,pcs,1000,2500
2025-02-11,Cup Ice,pcs,1000,1200
2025-02-11,Tempe,bks,18,5000
2025-02-11,Tahu Goreng,pcs,180,850
2025-02-11,Gula Jawa,kg,1,22000
2025-02-11,Kelapa Parut,bks,6,10000
2025-02-11,Cabe Keriting Hijau,kg,1,45000
2025-02-11,Kacang Panjang,kg,3,9000
2025-02-11,Jipan,kg,4,7000
2025-02-11,Kol,kg,4,7000
2025-02-11,Daun Sho,ikat,6,4000
2025-02-11,Es Batu Kristal,bks,2,8000
2025-02-12,Plastik Es 1 kg,pack,20,9500
2025-02-12,Plastik Es 1/2 kg,pack,15,9500
2025-02-12,Plastik Sampah Besar,pack,5,55000
2025-02-12,Supersol,pcs,12,13800
2025-02-12,Soklin Lantai 5L,jrigen,6,45561
2025-02-12,Sabun Cuci Piring - Mama Lemon,pcs,36,8479
2025-02-12,Chemical WPC,btl,6,12000
2025-02-12,Gori,kg,18,15000
2025-02-12,Gula Jawa,kg,3,22000
2025-02-12,Kelapa Parut,bks,12,10000
2025-02-12,Es Batu Kristal,bks,2,8000
2025-02-12,Bawang Merah,kg,2,32000
2025-02-12,Cabe keriting Merah,kg,1,50000
2025-02-12,Cabe Setan,kg,1,60000
2025-02-12,Tomat,kg,1,13000
2025-02-12,Pastel,pcs,35,2500
2025-02-12,Miri,kg,1,75000
2025-02-12,Kol,kg,3,7000
2025-02-12,Telur Ayam,kg,50,26000
2025-02-13,Susu Gold Omela,can,96,10500
2025-02-13,Telur Ayam,kg,50,26000
2025-02-13,Kentang Cringkel,pack,8,65000
2025-02-13,Kentang Shoestring,pack,12,52000
2025-02-13,Fresh Milk - MilkLife,pcs,60,18000
2025-02-13,Mangut,ekor,210,2500
2025-02-13,Kerupuk Terung,ball,3,50000
2025-02-13,Terong,kg,20,12000
2025-02-13,Kelapa Parut,bks,6,10000
2025-02-13,Cabe keriting Merah,kg,1,40000
2025-02-13,Cabe Setan,kg,1,58000
2025-02-13,Es Batu Kristal,bks,4,8000
2025-02-13,Gula Jawa,kg,1,22000
2025-02-13,Ayam Potong,kg,18,32000
2025-02-13,Tempe,bks,17,5000
2025-02-13,Timun Lalap,kg,6,6000
2025-02-13,Kol,kg,6,7000
2025-02-13,Bawang Merah,kg,2,32000
2025-02-13,Strawberry - kg,kg,4,65000
2025-02-13,Jeruk Nipis,kg,3,13000
2025-02-14,Plastik Opp Sendok,pack,5,8000
2025-02-14,Plastik Sampah Besar,pack,5,55000
2025-02-14,Plastik Sampah Tanggung,pack,5,55000
2025-02-14,Sendok Suapi/Plastik,pcs,500,150
2025-02-14,Serai,kg,1,7500
2025-02-14,Jahe,kg,1,33000
2025-02-14,Sirsak,kg,1,9000
2025-02-14,Kopi Banaran 250 gr,pcs,36,28526
2025-02-14,Kopi Banaran Sachet 25 gr,pcs,300,1490
2025-02-16,Kopi Banaran Bean Blend B 500 gr,pcs,3,110000
2025-02-16,AMDK 19L - Galon Isi Ulang,galon,15,7000
2025-02-18,Kopi Banaran Bean Blend B 500 gr,pcs,10,110000
2025-02-18,Kopi Banaran Bean Robusta 500 gr,pcs,3,70000
2025-02-18,Teh Celup Kaligua,pcs,60,4360
2025-02-18,Kertas Minyak,pack,5,27500
2025-02-18,Royco Sapi,kg,2,46000
2025-02-18,Kecap Lele - 680ml,pcs,25,26750
2025-02-19,Buah Jeruk,kg,5,19500
2025-02-19,Buah Alpukat,kg,3,17500
2025-02-19,Jahe,kg,1,33000
2025-02-19,Serai,kg,1,7500
2025-02-19,Flavour Blackcurant 1L Tofico,btl,2,110000
2025-02-19,Flavour Caramel 1L Tofico,btl,4,110000
2025-02-19,Flavour Vanilla 1L Tofico,btl,5,110000
2025-02-19,Flavour Blue Citrus 1L Tofico,btl,2,110000
2025-02-19,Flavour Lecy 1L Tofico,btl,8,110000
2025-02-19,Flavour Strawbery 1L Tofico,btl,3,110000
2025-02-19,Flavour Kiwi 1L Tofico,btl,2,110000
2025-02-19,Flavour Hazelnut 1L Tofico,btl,6,110000
2025-02-19,Flavour Orange 1L Tofico,btl,3,110000
2025-02-19,Flavour Mocca 1L Tofico,btl,1,110000
2025-02-19,Powder Coklat 1kg Tofico,pack,8,165000
2025-02-19,Powder Klepon 1kg Tofico,pack,1,140000
2025-02-19,Powder Redvalvet 1kg Tofico,pack,1,155000
2025-02-19,Powder Greentea 1kg Tofico,pack,3,190000
2025-02-19,Plastik Bening Tanggung,pack,10,9500
2025-02-19,Saus Tiram Panda,btl,12,62500
2025-02-19,Sedotan Bungkus Putih,ball,5,35000
2025-02-19,Tepung Crispy Oyaya,kg,3,27500
2025-02-19,Cup Sambal + Tutup,pack,10,13000
2025-02-19,Soklin Lantai 5L,jrigen,6,45561
2025-02-19,Sabun Cuci Piring - Mama Lemon,pcs,24,8479
2025-02-19,Chemical WPC,btl,12,12000
2025-02-19,Supersol,pcs,12,13800
2025-02-20,Gula Pasir Curah,kg,150,18000
2025-02-20,Minyak Goreng 2L,pcs,102,40000
2025-02-20,Tepung Terigu,kg,60,11250
2025-02-20,AMDK Banaran 330 ml,btl,480,1600
2025-02-20,Kopi Banaran Bean Robusta 500 gr,pcs,20,70000
2025-02-20,Kopi Banaran Bean Blend B 500 gr,pcs,20,110000
2025-02-20,Kopi Banaran Bean Robusta 250 gr,pcs,40,45000
2025-02-20,Garam Halus,pcs,40,2375
2025-02-20,Plastik Es 1 kg,pack,10,9500
2025-02-20,Plastik Sampah Besar,pack,3,55000
2025-02-20,Kecap Lele - 680ml,pcs,5,28000
2025-02-20,Bawang Putih,kg,15,42000
2025-02-20,Fresh Milk - Greenfield,pcs,48,18980
2025-02-20,Susu UHT,pcs,24,19303
2025-02-21,Sabun Cuci Piring - Mama Lemon,pcs,36,8479
2025-02-22,Leci Kaleng,can,6,32500
2025-02-22,Plastik Sampah Besar,pack,5,55000
2025-02-22,Tepung Roti,kg,3,20000
2025-02-22,Filma Margarine,pcs,120,6750
2025-02-22,Mayonaise,pack,3,33000
2025-02-22,Motto Miwon - 500g,pcs,24,25000
2025-02-23,Cup Sambal + Tutup,pack,10,13000
2025-02-23,Sedotan Bungkus Putih,ball,3,35000
2025-02-23,Telur Ayam,kg,89,29000
2025-02-23,Beras kencur - 25g,pcs,400,1400
2025-02-23,Kertas Minyak,pack,5,27500
2025-02-23,AMDK Banaran 330 ml,btl,720,1600
2025-02-23,Gula Sachet,pcs,6000,450
2025-02-23,Mika Cabe,pack,20,8000
2025-02-23,Plastik Kerupuk,pcs,10,3500
2025-02-23,Plastik Bening Tanggung,pack,5,9500
2025-02-23,Plastik Cup Panas,bks,5,7500
2025-02-23,Plastik Es 1 kg,pack,10,9500
2025-02-23,Plastik Es 1/2 kg,pack,10,9500
2025-02-23,Plastik Hitam Tanggung,pack,5,7000
2025-02-23,Plastik Sampah Besar,pack,5,55000
2025-02-23,Plastik Sampah Tanggung,pack,5,55000
2025-02-24,Beras C4,kg,250,13000
2025-02-24,Tissue Facial Refil 650 gr,pcs,24,16254
2025-02-24,Tissue Hand Paper Livi,pcs,120,7605
2025-02-24,Tissue Pop Up Livi,pcs,72,3604
2025-02-24,Saus Sambal ABC 135 ML,pcs,96,6500
2025-02-24,Saus Sambal Pilow ABC - Pcs,pcs,18,29294
2025-02-24,Saus Tomat Pilow ABC - Pcs,pcs,18,18434
2025-02-24,Chemical WPC,btl,6,12000
2025-02-24,Sabun Cuci Piring - Mama Lemon,pcs,36,22279
2025-02-24,Supersol,pcs,12,8478
2025-02-24,Soklin Lantai 5L,jrigen,3,45561
2025-02-24,AMDK 19L - Galon Isi Ulang,galon,19,7000
2025-02-24,Amenities Slipper,pcs,1000,4300
2025-02-25,Kopi Banaran Clasic 200 gr,pcs,70,55585
2025-02-25,Kopi Banaran Bean Robusta 500 gr,pcs,8,70000
2025-02-25,Kopi Banaran Bean Blend B 500 gr,pcs,9,110000
2025-02-25,Kopi Banaran Bean Arabika 500 gr,pcs,15,125000
2025-02-25,Kopi Banaran 250 gr,pcs,36,28526
2025-02-25,Kopi Banaran Sachet 25 gr,pcs,300,4360
2025-02-25,Royco Ayam,kg,2,46000
2025-02-25,Tepung Crispy Oyaya,kg,8,27500
2025-02-25,Butter,kg,3,47500
2025-02-25,Kecap Lele - 680ml,pcs,25,26750
2025-02-25,Plastik Klip Ketela,pack,2,47500
2025-02-25,Saus Tiram Panda,btl,12,62500
2025-02-26,Mie Kancil,karton,1,1120000
2025-02-28,Kopi Banaran Bean Robusta 500 gr,pcs,5,70000
2025-02-28,Kopi Banaran Bean Arabika 500 gr,pcs,3,125000
2025-03-01,Kopi Banaran Premium 120 gr,pcs,36,25423
2025-03-02,Kopi Banaran Bean Robusta 500 gr,pcs,2,70000
2025-03-02,Kopi Banaran Bean Blend B 500 gr,pcs,4,110000
2025-03-02,Kopi Banaran Bean Arabika 500 gr,pcs,2,125000
2025-03-02,Plastik Lorek,pack,10,17500
2025-03-02,Plastik Bening Tanggung,pack,10,9500
2025-03-02,Plastik Klip Ketela,pack,2,47500
2025-03-02,Tepung Crispy Oyaya,kg,10,27500
2025-03-02,Saus Tiram Saori,btl,3,55000
2025-03-02,Beras C4,kg,150,13000
2025-03-02,Beras PW,kg,50,16000
2025-03-02,AMDK 19L - Galon Aqua,galon,14,19000
2025-03-02,Indomie Goreng Instan,pcs,120,3000
2025-03-02,Garam Refina,pcs,40,7500
2025-03-02,Plastik logo kecil,pack,25,15000
2025-03-02,Plastik Logo Tanggung,pack,25,20000
2025-03-02,Plastik Logo Besar,pack,25,25000
2025-03-03,Kardus Makan Banaran,pcs,13,2500
2025-03-03,Kopi Banaran 250 gr,pcs,108,28526
2025-03-03,Kopi Banaran Clasic 200 gr,pcs,140,55585
2025-03-03,Kopi Banaran Premium 120 gr,pcs,72,25423
2025-03-03,Kopi Banaran Sangrai 500 gr,pack,40,81987
2025-03-03,Kopi Banaran Curai 500 gr,pack,40,59970
2025-03-03,Kopi Banaran Bean Blend B 500 gr,pcs,20,110000
2025-03-03,Kopi Banaran Sangrai Robusta 500 gr,pcs,3,70000
2025-03-04,Tepung Terigu,kg,48,11250
2025-03-04,Minyak Goreng 2L,pcs,108,60000
2025-03-04,Gula Pasir Curah,kg,100,18000
2025-03-04,Bawang Putih,kg,10,41000
2025-03-04,Cup Sambal + Tutup,pack,5,13000
2025-03-04,Leci Kaleng,can,6,32500
2025-03-04,Plastik Es 1 kg,pack,5,9500
2025-03-04,Plastik Sampah Besar,pack,5,55000
2025-03-04,Hand Glove,pack,3,12500
2025-03-04,Jeruk Kaleng,can,6,22500
2025-03-04,Plastik Opp 13x13,pack,3,8000
2025-03-04,Plastik Opp 15x15,pack,5,9000
2025-03-04,Tepung Crispy Oyaya,kg,3,27500
2025-03-05,Chemical WPC,btl,12,12000
2025-03-05,Sabun Cuci Piring - Mama Lemon,pcs,24,8479
2025-03-05,Motto Miwon - 500g,pcs,24,24000
2025-03-05,Minyak Goreng 2L,pcs,1,40000
2025-03-05,Gula Pasir Curah,kg,1,18000
2025-03-05,Kecap Lele - 680ml,pcs,5,27500
2025-03-05,Amenities Dental Kit,pcs,100,1675
2025-03-05,Amenities Shampoo,pcs,100,1200
2025-03-05,Amenities Soap,pcs,100,1300
2025-03-05,AMDK 19L - Galon Banaran,galon,1,20000
2025-03-11,Telur Ayam,kg,82,26000
2025-03-11,Fresh Milk - Greenfield,pcs,48,18980
2025-03-11,Kecap Lele - 680ml,pcs,25,26750
2025-03-11,soda Kemasan Plastik,pcs,120,2625
2025-03-11,Plastik Sampah Besar,pack,5,55000
2025-03-11,Plastik Sampah Tanggung,pack,5,55000
2025-03-11,Tepung Crispy Oyaya,kg,5,27500
2025-03-11,Minyak Wijen,btl,12,45000
2025-03-11,Plastik Lorek,pack,5,18000
2025-03-11,Kopi Banaran 250 gr,pcs,36,28526
2025-03-11,Kopi Banaran Bean Robusta 500 gr,pcs,9,70000
2025-03-11,Kopi Banaran Bean Blend B 500 gr,pcs,4,110000
2025-03-11,Kopi Banaran Sachet 25 gr,pcs,300,1490
2025-03-11,Kopi Banaran Clasic 200 gr,pcs,140,55585
2025-03-12,Butter,kg,3,47500
2025-03-12,Cup Sambal + Tutup,pack,10,13000
2025-03-12,Plastik Es 1 kg,pack,5,9500
2025-03-12,Sendok Cup,pack,3,7500
2025-03-12,Tepung Crispy Oyaya,kg,5,27500
2025-03-12,Tepung Roti,kg,3,20000
2025-03-13,Tepung Terigu,kg,48,11250
2025-03-13,Minyak Goreng 2L,pcs,60,40000
2025-03-13,Gula Pasir Curah,kg,100,18000
2025-03-16,Kertas Minyak,pack,5,27500
2025-03-16,Masako Ayam,kg,3,38000
2025-03-16,Knorr Ayam,kg,3,108000
2025-03-16,Motto Miwon - 500g,pcs,24,25000
2025-03-16,Royco Sapi,kg,3,46000
2025-03-16,Butter,kg,3,47500
2025-03-16,Sendok Suapi/Plastik,pcs,600,150
2025-03-16,Garpu Suapi/Plastik,pcs,300,150
2025-03-16,Leci Kaleng,can,6,32500
2025-03-16,Plastik Sampah Besar,pack,5,55000
2025-03-16,Hand Glove,pack,2,12500
2025-03-16,Plastik Bening Tanggung,pack,5,9500
2025-03-16,Gas Itiz,box,10,68700
2025-03-18,Beras C4,kg,150,13000
2025-03-18,Beras PW,kg,50,16000
2025-03-18,AMDK 19L - Galon Banaran,galon,15,20000
2025-03-18,Plastik Es 1 kg,pack,15,9500
2025-03-18,Plastik Es 1/2 kg,pack,10,9500
2025-03-18,Plastik Hitam Tanggung,pack,10,7000
2025-03-18,Masako Ayam,kg,3,44000
2025-03-18,Tissue Makan,pack,3,17500
2025-03-18,Amenities Dental Kit,pcs,500,1675
2025-03-18,Amenities Comb,pcs,500,650
2025-03-18,Amenities Shower Cap,pcs,500,650
2025-03-18,Amenities Soap,pcs,500,1300
2025-03-18,Amenities Shampoo,pcs,500,1200
2025-03-18,Amenities Creamer,pcs,500,500
2025-03-18,Plastik Sampah HK,pack,10,24500
2025-03-18,Susu Gold Omela,can,96,10500
2025-03-19,Sedotan Bungkus Putih,ball,3,35000
2025-03-19,Pocky Coklat,bks,20,10000
2025-03-19,Telur Ayam,kg,38,24500
2025-03-19,Chemical WPC,btl,12,11539
2025-03-19,Supersol,pcs,12,13800
2025-03-19,Soklin Lantai 5L,jrigen,3,45561
2025-03-19,Sabun Cuci Piring - Mama Lemon,pcs,36,8478
2025-03-19,Tepung Crispy Oyaya,kg,15,27500
2025-03-19,Cup Sambal + Tutup,pack,10,13000
2025-03-19,Mayonaise,pack,5,35000
2025-03-19,Plastik Es 1 kg,pack,5,9500
2025-03-19,Plastik Es 1/2 kg,pack,5,9500
2025-03-19,Plastik Klip Ketela,pack,3,47500
2025-03-19,Plastik Opp 15x15,pack,5,9000
2025-03-19,Plastik Opp Sendok,pack,3,8000
2025-03-19,Tepung Roti,kg,5,20000
2025-03-19,Mie Sedap kuah,pcs,160,2641
2025-03-19,Mie sedap goreng,pcs,160,2774
2025-03-20,Mika Cabe,pack,20,7500
2025-03-20,Plastik Es 1 kg,pack,5,9500
2025-03-20,Plastik Es 1/2 kg,pack,5,9500
2025-03-20,Plastik Kerupuk,pcs,10,3500
2025-03-20,Plastik Opp 15x15,pack,5,9000
2025-03-20,Plastik Opp 13x13,pack,5,8000
2025-03-20,Kopi Banaran 100 gr,pcs,144,12195
2025-03-20,Kopi Banaran 250 gr,pcs,72,28526
2025-03-20,Teh Celup Kaligua,pcs,120,4360
2025-03-20,Teh Tabur Kaligua,pcs,252,4955
2025-03-20,Mie Kancil,karton,2,1120000
2025-03-21,AMDK 19L - Galon Aqua,galon,14,19000
2025-03-21,Garam Refina,pcs,40,7500
2025-03-21,Kopi Banaran Bean Robusta 500 gr,pcs,1,70000
2025-03-21,Kopi Banaran Bean Blend B 500 gr,pcs,3,110000
2025-03-21,Kopi Banaran Bean Arabika 500 gr,pcs,4,125000
2025-03-22,Bawang Putih,kg,10,42000
2025-03-22,Gula Pasir Curah,kg,50,18000
2025-03-22,Kecap Lele - 680ml,pcs,10,26750
2025-03-22,Telur Ayam,kg,20,24500
2025-03-23,Kopi Banaran 250 gr,pcs,36,28526
2025-03-23,Kopi Banaran Sachet 25 gr,pcs,300,1490
2025-03-24,AMDK 220ml - Gelas,karton,15,19369
2025-03-24,Tissue Pop Up Livi,pcs,72,3604
2025-03-24,Tissue Hand Paper Livi,pcs,192,7605
2025-03-24,Tissue Facial Refil 650 gr,pcs,24,16254
2025-03-24,Tissue Cocktail Livi,pcs,60,4559
2025-03-24,Cup Sambal + Tutup,pack,20,13000
2025-03-24,Hand Glove,pack,2,12500
2025-03-24,Kecap Ikan Merah,btl,12,39583
2025-03-24,Leci Kaleng,can,6,32500
2025-03-24,Plastik Bening Tanggung,pack,10,9500
2025-03-24,Plastik Es 1 kg,pack,15,9500
2025-03-24,Plastik Es 1/2 kg,pack,10,9500
2025-03-24,Plastik Kerupuk,pcs,10,3500
2025-03-24,Plastik Klip Ketela,pack,2,47500
2025-03-24,Plastik Opp 13x13,pack,10,8000
2025-03-24,Plastik Opp 15x15,pack,5,9000
2025-03-24,Plastik Opp Sendok,pack,3,8000
2025-03-24,Plastik Sampah Besar,pack,10,55000
2025-03-24,Butter,kg,3,47500
2025-03-24,Tepung Crispy Oyaya,kg,5,27500
2025-03-24,Tepung Roti,kg,3,20000
2025-03-24,Fresh Milk - Greenfield,pcs,120,18980
2025-03-24,Susu UHT,pcs,144,19303
2025-03-24,Filma Margarine,pcs,120,6750
2025-03-24,Knorr Ayam,kg,7,108000
2025-03-24,Masako Ayam,kg,6,38000
2025-03-24,Motto Miwon - 500g,pcs,24,25000
2025-03-24,Royco Sapi,kg,3,46000
2025-03-24,Royco Ayam,kg,2,46000
2025-03-24,Masako Sapi,kg,2,38000
2025-03-24,Kopi Banaran 7 gr,pcs,1000,573
2025-03-24,Kopi Banaran 100 gr,pcs,144,12195
2025-03-24,Kopi Banaran 250 gr,pcs,108,28526
2025-03-24,Kopi Banaran Clasic 200 gr,pcs,140,55585
2025-03-24,Kopi Banaran Premium 120 gr,pcs,72,25423
2025-03-24,Kopi Banaran Sangrai 500 gr,pack,60,81987
2025-03-24,Kopi Banaran Curai 500 gr,pack,60,59970
2025-03-24,Teh Celup Kaligua,pcs,120,4360
2025-03-24,Teh Tabur Kaligua,pcs,336,4955
2025-03-24,Gula Sachet,pcs,10000,450
2025-03-24,Kopi Banaran Sangrai Arabica 500 gr,bks,3,125000
2025-03-24,Kopi Banaran Sangrai Robusta 500 gr,pcs,3,70000
2025-03-24,AMDK Banaran 330 ml,btl,600,1600
2025-03-24,Kopi Banaran Bean Blend B 500 gr,pcs,20,110000
2025-03-24,Kopi Banaran Bean Robusta 250 gr,pcs,40,45000
2025-03-24,Kopi Banaran Bean Robusta 500 gr,pcs,20,70000
2025-03-24,Amenities Creamer,pcs,500,500
2025-03-25,Chemical WPC,btl,24,11539
2025-03-25,Supersol,pcs,24,13800
2025-03-25,Soklin Lantai 5L,jrigen,5,45561
2025-03-25,Sabun Cuci Piring - Mama Lemon,pcs,84,8479
2025-03-25,Sendok Cup,pack,10,12500
2025-03-25,Jeruk Kaleng,can,6,22500
2025-03-25,Leci Kaleng,can,6,32500
2025-03-25,Mayonaise,pack,5,35000
2025-03-25,Plastik Cup Ice,pack,3,9000
2025-03-25,Plastik Cup Panas,bks,15,7500
2025-03-25,Plastik Es 1 kg,pack,10,9500
2025-03-25,Plastik Es 1/2 kg,pack,15,9500
2025-03-25,Tepung Crispy Oyaya,kg,10,27500
2025-03-25,Tepung Roti,kg,5,20000
2025-03-25,Kentang Shoestring,pack,24,70000
2025-03-25,Kentang Cringkel,pack,12,75000
2025-03-25,soda Kemasan Plastik,pcs,120,2625
2025-03-25,Kecap Lele - 680ml,pcs,25,27490
2025-03-25,Glossing - Procem,jrigen,10,60000
2025-03-25,Kopi Banaran Bean Robusta 500 gr,pcs,3,70000
2025-03-25,Kopi Banaran Bean Blend B 500 gr,pcs,3,110000
2025-03-25,Kopi Banaran Bean Arabika 500 gr,pcs,3,125000
2025-03-26,Butter,kg,3,47500
2025-03-26,Cup Sambal + Tutup,pack,10,13000
2025-03-26,Garpu Suapi/Plastik,pcs,300,150
2025-03-26,Plastik Bening Sayur,pack,4,35000
2025-03-26,Plastik Opp Sendok,pack,3,8000
2025-03-26,Plastik Sampah Besar,pack,5,55000
2025-03-26,Sendok Suapi/Plastik,pcs,5,15000
2025-03-26,Tepung Crispy Oyaya,kg,10,27500
2025-03-26,Plastik Opp 13x13,pack,10,8000
2025-03-26,Plastik Opp 15x15,pack,10,9000
2025-03-26,Plastik Bening Tanggung,pack,5,9500
2025-03-26,Plastik Es 1 kg,pack,10,9500
2025-03-26,Saus Tiram Panda,btl,12,62500
2025-03-26,Sedotan Bungkus Putih,ball,3,27500
2025-03-26,Parfum Laundry 5 L,jrigen,3,105000
2025-03-26,Liquid Detergent 5L,jrigen,4,55000
2025-03-26,Softener 5L,jrigen,4,47500
2025-03-26,Telur Ayam,kg,180,25500
2025-03-26,Beras C4,kg,250,13000
2025-03-26,Kertas Minyak,pack,5,27500
2025-03-26,Knorr Ayam,kg,5,108000
2025-03-26,Masako Ayam,kg,3,38000
2025-03-26,Masako Sapi,kg,2,38000
2025-03-26,Royco Ayam,kg,3,46000
2025-03-26,Royco Sapi,kg,2,46000
2025-03-26,Chemical Bayclean,btl,4,18000
2025-03-27,Tepung Roti,kg,10,20000
2025-03-27,Fresh Milk - MilkLife,pcs,120,18000
2025-03-27,Kentang Shoestring,pack,12,70000
2025-03-27,Kentang Cringkel,pack,16,75000
2025-03-27,Tepung Terigu,kg,204,11250
2025-03-27,Gula Pasir Curah,kg,100,18000
2025-03-27,Minyak Goreng 2L,pcs,120,40000
2025-03-28,Kopi Banaran 100 gr,pcs,72,12195
2025-03-28,Kopi Banaran Premium 120 gr,pcs,36,25423
2025-03-28,Kopi Banaran Clasic 200 gr,pcs,70,55585
2025-03-28,Kopi Banaran 250 gr,pcs,36,28526
2025-03-28,Kopi Banaran Bean Robusta 500 gr,pcs,5,70000
2025-03-28,Kopi Banaran Bean Blend B 500 gr,pcs,5,110000
2025-03-28,Kopi Banaran Bean Arabika 500 gr,pcs,5,125000
2025-03-28,Teh Tabur Kaligua,pcs,84,4955
2025-03-28,Teh Celup Kaligua,pcs,60,4360
2025-03-31,Amenities Memopad,pcs,600,725
2025-04-01,Garam Halus,pcs,40,2250
2025-04-03,Kopi Banaran 250 gr,pcs,36,28526
2025-04-03,Kopi Banaran Sachet 25 gr,pcs,600,1490
2025-04-03,Kopi Banaran Premium 120 gr,pcs,36,25423
2025-04-03,Kopi Banaran Bean Robusta 500 gr,pcs,3,70000
2025-04-03,Kertas Nasi,pack,5,12500
2025-04-03,Sedotan Bungkus Putih,ball,5,27500
2025-04-03,Knorr Ayam,kg,3,110000
2025-04-03,Butter,kg,3,47500
2025-04-03,Kecap Lele - 680ml,pcs,25,28400
2025-04-03,Mayonaise,pack,3,35000
2025-04-03,AMDK 19L - Galon Aqua,galon,15,19000
2025-04-06,Telur Ayam,kg,100,24500
2025-04-06,Keju Gold,pack,48,13437
2025-04-06,Kentang Cringkel,pack,8,75000
2025-04-06,Kentang Shoestring,pack,16,70000
2025-04-06,Teh Celup Kaligua,pcs,60,4360
2025-04-06,Kopi Banaran Clasic 200 gr,pcs,70,55585
2025-04-06,Kopi Banaran Bean Robusta 500 gr,pcs,5,70000
2025-04-06,Kopi Banaran Bean Blend B 500 gr,pcs,5,110000
2025-04-06,Kopi Banaran Bean Arabika 500 gr,pcs,7,125000
2025-04-06,Kopi Banaran 250 gr,pcs,36,28526
2025-04-07,Plastik Sampah Besar,pack,10,55000
2025-04-07,Cup Sambal + Tutup,pack,10,13000
2025-04-07,Saus Tiram Panda,btl,12,62500
2025-04-07,Tepung Crispy Oyaya,kg,5,27500
2025-04-07,Kecap Lele - 680ml,pcs,25,27490
2025-04-07,Motto Miwon - 500g,pcs,24,25000
2025-04-08,Kecap Lele - 680ml,pcs,5,28000
2025-04-08,Gula Pasir Curah,kg,100,18000
2025-04-08,Minyak Goreng 2L,pcs,48,40000
2025-04-08,Bawang Putih,kg,15,42000
